Adjusted_R_squared,Area_Between_Curves,CDF_Distance,Functional_Correlation,ISE_Coefficients,MAE_Predictions,MSE_Coefficients,MSE_Predictions,RMSE_Coefficients,RMSE_Predictions,R_squared
0.9995860496025609,14.732052454363735,37.00073335908678,0.9998010535220634,0.10163142536547122,0.042091578441039244,0.0033877141788490406,0.002619134220152362,0.058204073558893114,0.0511774776650077,0.9995884183442381
