Adjusted_R_squared,Area_Between_Curves,CDF_Distance,Functional_Correlation,ISE_Coefficients,MAE_Predictions,MSE_Coefficients,MSE_Predictions,RMSE_Coefficients,RMSE_Predictions,R_squared
0.9143269381524943,3.5260086195626537,0.03897963762832765,0.9571717883033831,4.448210010343699,0.02350672413041769,0.12356138917621386,0.0008673961834473803,0.35151300001026115,0.02945159050793998,0.916045582568358
