Adjusted_R_squared,Area_Between_Curves,CDF_Distance,Functional_Correlation,ISE_Coefficients,MAE_Predictions,MSE_Coefficients,MSE_Predictions,RMSE_Coefficients,RMSE_Predictions,R_squared
0.9907259803835045,273.1155128837251,0.24150249746395624,0.9954621835730176,6.62107044741784,0.5462310257674499,0.09195931176969223,0.46867626690780884,0.3032479377830824,0.6845993477266896,0.9907628374671169
