Adjusted_R_squared,Area_Between_Curves,CDF_Distance,Functional_Correlation,ISE_Coefficients,MAE_Predictions,MSE_Coefficients,MSE_Predictions,RMSE_Coefficients,RMSE_Predictions,R_squared
0.9996251450544703,14.156598480832127,6.6763177432636995,0.9998180495740572,0.03483737586533476,0.04044742423094892,0.0011612458621778252,0.002495171627023068,0.03407705771010498,0.04995169293450491,0.9996272914152728
