Adjusted_R_squared,Area_Between_Curves,CDF_Distance,Functional_Correlation,ISE_Coefficients,MAE_Predictions,MSE_Coefficients,MSE_Predictions,RMSE_Coefficients,RMSE_Predictions,R_squared
0.9384652052549189,18.321243952095294,0.2180674474461541,0.9696114558602381,8.240699725135396,0.12214162634730201,0.34336248854730816,0.024918156029583294,0.5859714059127017,0.15785485747858155,0.9396858045652402
