Adjusted_R_squared,Area_Between_Curves,CDF_Distance,Functional_Correlation,ISE_Coefficients,MAE_Predictions,MSE_Coefficients,MSE_Predictions,RMSE_Coefficients,RMSE_Predictions,R_squared
0.8702894602168856,3.7373778986128645,0.011552400004612898,0.935044349404476,7.067978590428735,0.024915852657419097,0.19633273862302042,0.000989770582195291,0.44309450303859604,0.03146061954563659,0.8728421592235213
