Adjusted_R_squared,Area_Between_Curves,CDF_Distance,Functional_Correlation,ISE_Coefficients,MAE_Predictions,MSE_Coefficients,MSE_Predictions,RMSE_Coefficients,RMSE_Predictions,R_squared
0.999712535521229,23.271979113228422,14.414400914759849,0.9998627313296826,0.05473531460637542,0.06649136889493833,0.0018245104868791807,0.0064153711708652625,0.04271428902462478,0.08009601220326304,0.999714180875923
