{
    "5": [
      {"IQR":0.5299833879678257,"RMSE_Coefficients":0.19042453965636924,"ISE_Coefficients":0.36261505303340136,"MSE_Predictions":9.902991552460238,"R_squared":0.6310508199776137,"Adjusted_R_squared":0.6302396042506524,"MSE_Coefficients":0.03626150530334014,"RMSE_Predictions":3.146901897495414}
,
      {"IQR":0.488244808489547,"RMSE_Coefficients":0.22053365729257235,"ISE_Coefficients":0.4863509399883775,"MSE_Predictions":10.04924421339232,"R_squared":0.6256019817107994,"Adjusted_R_squared":0.6247787855173266,"MSE_Coefficients":0.048635093998837746,"RMSE_Predictions":3.1700542918682513}
    ],
    "6": [
      {"IQR":0.6198613399306081,"RMSE_Coefficients":0.17893855573458936,"ISE_Coefficients":0.38422808074056886,"MSE_Predictions":9.884803088945667,"R_squared":0.6317284554844217,"Adjusted_R_squared":0.6309187296878086,"MSE_Coefficients":0.03201900672838074,"RMSE_Predictions":3.144010669343485}
      ,
      {"IQR":0.5287989652853679,"RMSE_Coefficients":0.17312904518680375,"ISE_Coefficients":0.359683995447532,"MSE_Predictions":10.005196264275954,"R_squared":0.6272430469002486,"Adjusted_R_squared":0.6264234589486766,"MSE_Coefficients":0.029973666287294334,"RMSE_Predictions":3.1630991549864436}
    ],
    "7": [
      {"IQR":1.382283674518664,"RMSE_Coefficients":0.3694308515271275,"ISE_Coefficients":1.9107081568408195,"MSE_Predictions":9.958755734710241,"R_squared":0.6289732508706656,"Adjusted_R_squared":0.6281574671521633,"MSE_Coefficients":0.13647915406005853,"RMSE_Predictions":3.155749631182778}
      ,
      {"IQR":1.2757791053113967,"RMSE_Coefficients":0.3897989820834983,"ISE_Coefficients":2.12720545006664,"MSE_Predictions":10.1318888942146,"R_squared":0.6225229437189908,"Adjusted_R_squared":0.6216929775848916,"MSE_Coefficients":0.15194324643333143,"RMSE_Predictions":3.183062816567496}

    ],
    "8": [
      {"IQR":1.6096513042756249,"RMSE_Coefficients":0.40745976620006596,"ISE_Coefficients":2.6563753771489984,"MSE_Predictions":9.989470593820004,"R_squared":0.6278289277615305,"Adjusted_R_squared":0.6270106279975858,"MSE_Coefficients":0.1660234610718124,"RMSE_Predictions":3.160612376394803}
      ,
      {"IQR":1.5330680701922321,"RMSE_Coefficients":0.6665784170936199,"ISE_Coefficients":7.1092285781605735,"MSE_Predictions":10.441014685042413,"R_squared":0.6110060494102842,"Adjusted_R_squared":0.6101507608570151,"MSE_Coefficients":0.44432678613503584,"RMSE_Predictions":3.23125589903406}
    ],
    "9": [
      {"IQR":1.8958482376657153,"RMSE_Coefficients":0.4481927591037833,"ISE_Coefficients":3.6157814876351146,"MSE_Predictions":9.990632638883957,"R_squared":0.6277856342202588,"Adjusted_R_squared":0.6269672392659642,"MSE_Coefficients":0.20087674931306193,"RMSE_Predictions":3.160796203313962}
      ,
      {"IQR":1.9261234200731596,"RMSE_Coefficients":0.9911579045481466,"ISE_Coefficients":17.683091851468912,"MSE_Predictions":10.46903300092785,"R_squared":0.6099621896213729,"Adjusted_R_squared":0.6091046059133145,"MSE_Coefficients":0.9823939917482729,"RMSE_Predictions":3.235588509209391}

    ]
  }
  