Adjusted_R_squared,Area_Between_Curves,CDF_Distance,Functional_Correlation,ISE_Coefficients,MAE_Predictions,MSE_Coefficients,MSE_Predictions,RMSE_Coefficients,RMSE_Predictions,R_squared
0.937172480980243,23.745722657000357,0.25530483873084997,0.9690574334594413,6.818595012536511,0.1583048177133357,0.18940541701490307,0.03786279397271544,0.43520732647199667,0.19458364261344127,0.938420437256801
