Adjusted_R_squared,Area_Between_Curves,CDF_Distance,Functional_Correlation,ISE_Coefficients,MAE_Predictions,MSE_Coefficients,MSE_Predictions,RMSE_Coefficients,RMSE_Predictions,R_squared
0.9112631662124042,24.016872461083192,0.12879321448921005,0.9566600548310742,3.8559163742111555,0.16011248307388795,0.16066318225879814,0.04062309887081773,0.4008281205938502,0.20155172753121647,0.9129492476627029
