Adjusted_R_squared,Area_Between_Curves,CDF_Distance,Functional_Correlation,ISE_Coefficients,MAE_Predictions,MSE_Coefficients,MSE_Predictions,RMSE_Coefficients,RMSE_Predictions,R_squared
0.9178173022012355,3.4527612937910845,0.04360328345350586,0.9591527619840099,6.350048820146525,0.023018408625273896,0.26458536750610523,0.0008321923928406083,0.514378622714927,0.028847745021762242,0.9194529225914956
