Adjusted_R_squared,Area_Between_Curves,CDF_Distance,Functional_Correlation,ISE_Coefficients,MAE_Predictions,MSE_Coefficients,MSE_Predictions,RMSE_Coefficients,RMSE_Predictions,R_squared
0.9027834358243924,3.193132265228953,0.036657627632841444,0.9535350097038261,5.895940980975493,0.021287548434859686,0.16377613836043037,0.0007155655800626121,0.40469264678324757,0.026750057571201826,0.9046969900492168
