Adjusted_R_squared,Area_Between_Curves,CDF_Distance,Functional_Correlation,ISE_Coefficients,MAE_Predictions,MSE_Coefficients,MSE_Predictions,RMSE_Coefficients,RMSE_Predictions,R_squared
0.999965161711192,2.6180601222801014,0.012732838177754871,0.9999829336612694,2.69572119178512,0.010472240489120406,0.07488114421625333,0.00016882669968344726,0.27364419273255797,0.01299333289358228,0.9999658646466172
