Adjusted_R_squared,Area_Between_Curves,CDF_Distance,Functional_Correlation,ISE_Coefficients,MAE_Predictions,MSE_Coefficients,MSE_Predictions,RMSE_Coefficients,RMSE_Predictions,R_squared
0.9245208225624479,42.373592615372885,0.2111316967877566,0.963377233379373,3.507811782064389,0.28249061743581944,0.14615882425268287,0.12159505670687983,0.3823072380333426,0.3487048274785995,0.9258870193645045
