Adjusted_R_squared,Area_Between_Curves,CDF_Distance,Functional_Correlation,ISE_Coefficients,MAE_Predictions,MSE_Coefficients,MSE_Predictions,RMSE_Coefficients,RMSE_Predictions,R_squared
0.9451431885985786,35.008275990588785,0.35727865595650254,0.9730978480434505,0.4176184602927393,0.23338850660392504,0.01740076917886414,0.09165742869809078,0.1319119751154691,0.3027497790223649,0.9462126716664299
