Adjusted_R_squared,Area_Between_Curves,CDF_Distance,Functional_Correlation,ISE_Coefficients,MAE_Predictions,MSE_Coefficients,MSE_Predictions,RMSE_Coefficients,RMSE_Predictions,R_squared
0.9422038797909117,17.468442424005072,0.2122059129197347,0.9719016701412656,8.732038424770007,0.11645628282670048,0.24255662291027796,0.02341407491861813,0.49250037858896917,0.15301658380260008,0.9433264207476247
