Adjusted_R_squared,Area_Between_Curves,CDF_Distance,Functional_Correlation,ISE_Coefficients,MAE_Predictions,MSE_Coefficients,MSE_Predictions,RMSE_Coefficients,RMSE_Predictions,R_squared
0.8758090364929222,3.6986783963441603,0.01223709846592219,0.9386401058371081,2.6400707985995826,0.024657855975627734,0.11000294994164928,0.000948422585838811,0.33166692621009,0.030796470347083788,0.8781542204543795
