Adjusted_R_squared,Area_Between_Curves,CDF_Distance,Functional_Correlation,ISE_Coefficients,MAE_Predictions,MSE_Coefficients,MSE_Predictions,RMSE_Coefficients,RMSE_Predictions,R_squared
0.9377762737272857,18.40756322710076,0.2132166795338269,0.9693011127412182,12.29226865498765,0.12271708818067167,0.3414519070829903,0.02519839165433013,0.5843388632317641,0.15874001277034763,0.9390074964986763
