Adjusted_R_squared,Area_Between_Curves,CDF_Distance,Functional_Correlation,ISE_Coefficients,MAE_Predictions,MSE_Coefficients,MSE_Predictions,RMSE_Coefficients,RMSE_Predictions,R_squared
0.9179843101272932,3.4316268890645816,0.04309384883128245,0.9592588616931701,5.404193398885372,0.022877512593763877,0.15011648330237146,0.0008304871416829431,0.3874486847343419,0.028818173808951585,0.9196179721619784
