Adjusted_R_squared,Area_Between_Curves,CDF_Distance,Functional_Correlation,ISE_Coefficients,MAE_Predictions,MSE_Coefficients,MSE_Predictions,RMSE_Coefficients,RMSE_Predictions,R_squared
0.9045639502060894,3.1650574653158206,0.03767006591610786,0.9539971973130944,7.72943381377209,0.02110038310210547,0.32205974224050377,0.0007025164486469541,0.5675030768555389,0.026505026856182473,0.9064349460602461
