Adjusted_R_squared,Area_Between_Curves,CDF_Distance,Functional_Correlation,ISE_Coefficients,MAE_Predictions,MSE_Coefficients,MSE_Predictions,RMSE_Coefficients,RMSE_Predictions,R_squared
0.9103842769340412,24.71780822010177,0.12689401777457066,0.9561691732940111,9.461619136073619,0.16478538813401178,0.2628227537798227,0.041043970963651435,0.512662416976145,0.20259311677263725,0.9120473658925442
