Adjusted_R_squared,Area_Between_Curves,CDF_Distance,Functional_Correlation,ISE_Coefficients,MAE_Predictions,MSE_Coefficients,MSE_Predictions,RMSE_Coefficients,RMSE_Predictions,R_squared
0.18314944510851727,2906.561301410443,0.028321680295396365,0.592409473298476,690.1209786432122,5.813122602820889,14.377520388400255,42.414371118727445,3.7917700864372375,6.512631658456314,0.18634888448790743
