Adjusted_R_squared,Area_Between_Curves,CDF_Distance,Functional_Correlation,ISE_Coefficients,MAE_Predictions,MSE_Coefficients,MSE_Predictions,RMSE_Coefficients,RMSE_Predictions,R_squared
0.9428012059062223,17.364437898619368,0.21192809871754192,0.972206399812358,1.5400815355637225,0.11576291932412912,0.06417006398182178,0.023171214462933628,0.2533181082785472,0.1522209396335919,0.9439142625193088
