Adjusted_R_squared,Area_Between_Curves,CDF_Distance,Functional_Correlation,ISE_Coefficients,MAE_Predictions,MSE_Coefficients,MSE_Predictions,RMSE_Coefficients,RMSE_Predictions,R_squared
0.9247038474642411,42.24407669474597,0.21952923986863485,0.9633400515501133,6.129645602415063,0.2816271779649731,0.1702679334004184,0.12128385264947722,0.4126353516125568,0.3482583131089296,0.9260767002685198
