Adjusted_R_squared,Area_Between_Curves,CDF_Distance,Functional_Correlation,ISE_Coefficients,MAE_Predictions,MSE_Coefficients,MSE_Predictions,RMSE_Coefficients,RMSE_Predictions,R_squared
0.999552130004547,6.95056185684976,23.610585072783756,0.9997949651599188,0.44181950886666926,0.06950561856849762,0.01767278035466677,0.007372353148010828,0.13293900990554566,0.08586240823556504,0.9995611750932765
