Adjusted_R_squared,Area_Between_Curves,CDF_Distance,Functional_Correlation,ISE_Coefficients,MAE_Predictions,MSE_Coefficients,MSE_Predictions,RMSE_Coefficients,RMSE_Predictions,R_squared
0.9997538232179163,21.577762625977687,2.88177194592769,0.9998784603356524,0.01617460537794233,0.06165075035993624,0.0005391535125980776,0.005760150926262123,0.023219679424963592,0.07589565815158415,0.9997552335872998
