{
  "0": [
    {"IQR":1.6782977176854568,"RMSE_Coefficients":0.41548785268952,"ISE_Coefficients":6.214685606371738,"MSE_Predictions":1.9376374647468466,"R_squared":0.15428680616956847,"Adjusted_R_squared":0.13473522930329107,"MSE_Coefficients":0.17263015573254828,"RMSE_Predictions":1.3919904686264366}

  ],
  "0.01": [
    {"IQR":1.409068715010518,"RMSE_Coefficients":0.2348447858350863,"ISE_Coefficients":1.985474643621392,"MSE_Predictions":0.003394467914816896,"R_squared":0.9984577612766019,"Adjusted_R_squared":0.9983582631002739,"MSE_Coefficients":0.055152073433927556,"RMSE_Predictions":0.05826206239755761}

  ],
  "0.05": [
    {"IQR":1.0967408854991902,"RMSE_Coefficients":0.1827901475831984,"ISE_Coefficients":1.2028405699255482,"MSE_Predictions":0.0035431646596567517,"R_squared":0.998390202565284,"Adjusted_R_squared":0.9982863463826465,"MSE_Coefficients":0.03341223805348745,"RMSE_Predictions":0.059524487899155855}

  ],
  "0.075": [
   
  {"IQR":1.0659698435423774,"RMSE_Coefficients":0.17766164059039627,"ISE_Coefficients":1.136291707341761,"MSE_Predictions":0.003599381042165304,"R_squared":0.9983646612774681,"Adjusted_R_squared":0.9982591575582418,"MSE_Coefficients":0.03156365853727114,"RMSE_Predictions":0.05999484179631866}


  ],
  "0.090": [
   
    {"IQR":1.0566254714716057,"RMSE_Coefficients":0.17610424524526763,"ISE_Coefficients":1.1164573869625931,"MSE_Predictions":0.003630931608520325,"R_squared":0.99835032662874,"Adjusted_R_squared":0.9982438982685534,"MSE_Coefficients":0.031012705193405363,"RMSE_Predictions":0.06025721208718775}
  
    ],


  "0.1": [
    {"IQR":1.0523752151401808,"RMSE_Coefficients":0.17539586919003017,"ISE_Coefficients":1.1074935934413421,"MSE_Predictions":0.0036516586766433307,"R_squared":0.9983409095159894,"Adjusted_R_squared":0.9982338737200384,"MSE_Coefficients":0.030763710928926172,"RMSE_Predictions":0.060428955614368604}

  ],
  "0.125": [

    {"IQR":1.045852069741243,"RMSE_Coefficients":0.17430867829020716,"ISE_Coefficients":1.0938065517820417,"MSE_Predictions":0.003704542430424239,"R_squared":0.9983168823709505,"Adjusted_R_squared":0.9982082967586551,"MSE_Coefficients":0.030383515327278936,"RMSE_Predictions":0.06086495239811035}
  ],


  "0.2": [
    {"IQR":1.0424240015038324,"RMSE_Coefficients":0.17373733358397206,"ISE_Coefficients":1.086647798911262,"MSE_Predictions":0.0038682477319627205,"R_squared":0.998242504688912,"Adjusted_R_squared":0.9981291216430607,"MSE_Coefficients":0.030184661080868386,"RMSE_Predictions":0.06219523882069045}

  ],

  "0.35": [
    {"IQR":1.053529002277169,"RMSE_Coefficients":0.17558816704619484,"ISE_Coefficients":1.1099233586391273,"MSE_Predictions":0.004257983021258574,"R_squared":0.9980654327972016,"Adjusted_R_squared":0.9979406292026624,"MSE_Coefficients":0.030831204406642426,"RMSE_Predictions":0.06525322230555801}

  ],
  "0.5": [
    {"IQR":1.0687144853962092,"RMSE_Coefficients":0.17811908089936823,"ISE_Coefficients":1.1421506512956845,"MSE_Predictions":0.004716907653107936,"R_squared":0.9978569254976423,"Adjusted_R_squared":0.9977186754042763,"MSE_Coefficients":0.03172640698043568,"RMSE_Predictions":0.06867974703730305}

  ],
  "1": [
    {"IQR":1.1158128236970208,"RMSE_Coefficients":0.18596880394950346,"ISE_Coefficients":1.2450382575267187,"MSE_Predictions":0.006557426524596059,"R_squared":0.9970207062297082,"Adjusted_R_squared":0.9968285497312255,"MSE_Coefficients":0.03458439604240885,"RMSE_Predictions":0.08097793850547233}


  ],
  "5": [
    {"IQR":1.2857133551025124,"RMSE_Coefficients":0.21428555918375208,"ISE_Coefficients":1.6530588314889592,"MSE_Predictions":0.029579603072427588,"R_squared":0.9865608365063888,"Adjusted_R_squared":0.9856995460276905,"MSE_Coefficients":0.04591830087469331,"RMSE_Predictions":0.17198721775884274}

  ],
  "10": [
    {"IQR":1.381204141820147,"RMSE_Coefficients":0.23020069030335782,"ISE_Coefficients":1.9077248813811285,"MSE_Predictions":0.07048364625739591,"R_squared":0.9679765396662148,"Adjusted_R_squared":0.9659631823411301,"MSE_Coefficients":0.052992357816142456,"RMSE_Predictions":0.265487563281966}

  ],
  "15":[
    {"IQR":1.4521696339399035,"RMSE_Coefficients":0.24202827232331725,"ISE_Coefficients":2.1087966457371534,"MSE_Predictions":0.11620964992148179,"R_squared":0.9472014387412151,"Adjusted_R_squared":0.943984153947197,"MSE_Coefficients":0.05857768460380982,"RMSE_Predictions":0.3408953650630671}

  ],
  "25": [
    {"IQR":1.5621316374262435,"RMSE_Coefficients":0.2603552729043739,"ISE_Coefficients":2.4402552526479964,"MSE_Predictions":0.20703551549547655,"R_squared":0.9059357174295097,"Adjusted_R_squared":0.9007550839247238,"MSE_Coefficients":0.06778486812911101,"RMSE_Predictions":0.45501155534280285}

  ]
  ,
  "50":[
    {"IQR":1.7342980051706454,"RMSE_Coefficients":0.2890496675284409,"ISE_Coefficients":3.0077895707388795,"MSE_Predictions":0.4044902542750166,"R_squared":0.8162243541448524,"Adjusted_R_squared":0.8106396729236282,"MSE_Coefficients":0.08354971029830222,"RMSE_Predictions":0.6359954829045695}

  ],
  "100":[
    {"IQR":1.669710680353859,"RMSE_Coefficients":0.4145257039768889,"ISE_Coefficients":6.185936133271272,"MSE_Predictions":1.6668779853257274,"R_squared":0.24267253641496844,"Adjusted_R_squared":0.22429300723741574,"MSE_Coefficients":0.17183155925753535,"RMSE_Predictions":1.291076289506444}

  ]
}
