{"0.018329807108324356":[{"CDF_Distance":1.244116425470509,"RMSE_Predictions":0.3224731761330624,"RMSE_Coefficients":0.3741994586250207,"Area_Between_Curves":15.589665142654592,"ISE_Coefficients":91.97550582748906,"Adjusted_R_squared":0.8830607432600293,"SE_Coefficients":[6.268375366788282,5.251135987920438,0.0,0.0,0.0,0.0,0.0,0.0,0.0,4.657438183163167],"R_squared":0.9028499523298927,"IQR":3.741994586250206,"MSE_Predictions":0.1051563285879114,"MSE_Coefficients":0.14258913721569}],"0.016237767391887217":[{"CDF_Distance":1.2470469334583636,"RMSE_Predictions":0.32262792602243007,"RMSE_Coefficients":0.3859539791925564,"Area_Between_Curves":15.589638176709247,"ISE_Coefficients":94.7963024850563,"Adjusted_R_squared":0.8829654372058325,"SE_Coefficients":[6.299221007870316,5.393967170752042,0.0,0.0,0.0,0.0,0.0,0.0,0.0,4.718331740321536],"R_squared":0.9027709803224921,"IQR":3.859539791925564,"MSE_Predictions":0.10524120594597508,"MSE_Coefficients":0.15179713412450693}],"0.010000000000000002":[{"CDF_Distance":1.2590471709794806,"RMSE_Predictions":0.32356524011654153,"RMSE_Coefficients":0.4529780252943404,"Area_Between_Curves":15.60561228571348,"ISE_Coefficients":113.15800091107148,"Adjusted_R_squared":0.8823384704369313,"SE_Coefficients":[6.598593974632793,5.9941659546431465,0.0,0.0,0.0,0.0,0.0,0.0,0.0,5.351928757796562],"R_squared":0.9022508084247736,"IQR":4.529780252943405,"MSE_Predictions":0.10579954580604167,"MSE_Coefficients":0.2088627075402305}],"0.07847599703514611":[{"CDF_Distance":1.2238715527586908,"RMSE_Predictions":0.3278367968989292,"RMSE_Coefficients":0.3850153810690028,"Area_Between_Curves":15.831692600732254,"ISE_Coefficients":134.31634407116823,"Adjusted_R_squared":0.8789304779966398,"SE_Coefficients":[8.15543683021942,3.9166069023547427,0.0,0.0,0.0,0.0,0.0,0.0,0.0,7.17860504943192],"R_squared":0.8994140156145278,"IQR":3.8501538106900286,"MSE_Predictions":0.10886084032755879,"MSE_Coefficients":0.14867370056730722}],"0.0545559478116852":[{"CDF_Distance":1.2244448217413557,"RMSE_Predictions":0.32446586106332215,"RMSE_Coefficients":0.3572875343233464,"Area_Between_Curves":15.71834252949327,"ISE_Coefficients":106.7419139160917,"Adjusted_R_squared":0.8814302971409586,"SE_Coefficients":[7.223140426056837,4.141328057862326,0.0,0.0,0.0,0.0,0.0,0.0,0.0,6.019519615076459],"R_squared":0.9014926919921216,"IQR":3.572875343233464,"MSE_Predictions":0.10661474388202959,"MSE_Coefficients":0.12829791560672366}],"0.08858667904100828":[{"CDF_Distance":1.2250061887288082,"RMSE_Predictions":0.32950185940167886,"RMSE_Coefficients":0.3973202646657693,"Area_Between_Curves":15.905913974742258,"ISE_Coefficients":147.1088345343474,"Adjusted_R_squared":0.8777035617704871,"SE_Coefficients":[8.543596996012734,3.8766585801844533,0.0,0.0,0.0,0.0,0.0,0.0,0.0,7.628606294273743],"R_squared":0.8983938219434183,"IQR":3.9732026466576933,"MSE_Predictions":0.109965945284596,"MSE_Coefficients":0.15825760087291837}],"0.029763514416313176":[{"CDF_Distance":1.2330291444684423,"RMSE_Predictions":0.3223962569561209,"RMSE_Coefficients":0.3469937279607179,"Area_Between_Curves":15.617111225532028,"ISE_Coefficients":88.55477785319623,"Adjusted_R_squared":0.8830368760261422,"SE_Coefficients":[6.3868497429147615,4.710787641444672,0.0,0.0,0.0,0.0,0.0,0.0,0.0,4.839080278772239],"R_squared":0.9028291676230022,"IQR":3.469937279607179,"MSE_Predictions":0.10517752101824404,"MSE_Coefficients":0.12188541827478938}],"0.033598182862837826":[{"CDF_Distance":1.2307668866353014,"RMSE_Predictions":0.32256597210047205,"RMSE_Coefficients":0.345171228452203,"Area_Between_Curves":15.630424016871501,"ISE_Coefficients":89.9332509101573,"Adjusted_R_squared":0.8828920906949111,"SE_Coefficients":[6.487444169763833,4.58506171589629,0.0,0.0,0.0,0.0,0.0,0.0,0.0,4.992594359910175],"R_squared":0.902708600961805,"IQR":3.45171228452203,"MSE_Predictions":0.10530668044682201,"MSE_Coefficients":0.12039739856124432}],"0.01438449888287663":[{"CDF_Distance":1.2500044202531868,"RMSE_Predictions":0.3228204024934781,"RMSE_Coefficients":0.39968521208972435,"Area_Between_Curves":15.591984291218164,"ISE_Coefficients":98.33303285682919,"Adjusted_R_squared":0.8828412979116497,"SE_Coefficients":[6.349779094159231,5.539599045975822,0.0,0.0,0.0,0.0,0.0,0.0,0.0,4.819726571155304],"R_squared":0.9026680421154284,"IQR":3.996852120897244,"MSE_Predictions":0.10535173756837157,"MSE_Coefficients":0.16283973142797145}],"0.023357214690901226":[{"CDF_Distance":1.2384407724213697,"RMSE_Predictions":0.3223072757423619,"RMSE_Coefficients":0.3566196823042762,"Area_Between_Curves":15.597307846533926,"ISE_Coefficients":88.60065861032072,"Adjusted_R_squared":0.8831432303035743,"SE_Coefficients":[6.274842927562183,4.974282595349758,0.0,0.0,0.0,0.0,0.0,0.0,0.0,4.661869234449328],"R_squared":0.9029180313339401,"IQR":3.5661968230427616,"MSE_Predictions":0.10508279132684625,"MSE_Coefficients":0.12917981750017055}],"0.0379269019073225":[{"CDF_Distance":1.228770620596272,"RMSE_Predictions":0.3228387975417591,"RMSE_Coefficients":0.34532733856678843,"Area_Between_Curves":15.645321301664524,"ISE_Coefficients":92.34737624724752,"Adjusted_R_squared":0.8826724641156719,"SE_Coefficients":[6.620045734238367,4.464190827189463,0.0,0.0,0.0,0.0,0.0,0.0,0.0,5.188599703657652],"R_squared":0.9025258316929266,"IQR":3.4532733856678837,"MSE_Predictions":0.10550280311823212,"MSE_Coefficients":0.12030769669509356}],"0.011288378916846888":[{"CDF_Distance":1.2560769149385318,"RMSE_Predictions":0.3232941340270742,"RMSE_Coefficients":0.43315603177434225,"Area_Between_Curves":15.599694341024762,"ISE_Coefficients":107.50828716363162,"Adjusted_R_squared":0.8825241046749447,"SE_Coefficients":[6.501432852448881,5.839483133050299,0.0,0.0,0.0,0.0,0.0,0.0,0.0,5.138062816897481],"R_squared":0.9024048747214082,"IQR":4.331560317743421,"MSE_Predictions":0.1056341820532201,"MSE_Coefficients":0.19113958668686282}],"0.1":[{"CDF_Distance":1.2267943763891274,"RMSE_Predictions":0.33150771152988145,"RMSE_Coefficients":0.4109788991027322,"Area_Between_Curves":16.006297748228135,"ISE_Coefficients":161.99839229036493,"Adjusted_R_squared":0.8762257566423723,"SE_Coefficients":[8.972159668168253,3.860582869567003,0.0,0.0,0.0,0.0,0.0,0.0,0.0,8.10720030698308],"R_squared":0.897164999527886,"IQR":4.1097889910273215,"MSE_Predictions":0.11129877848442134,"MSE_Coefficients":0.16926243513406108}],"0.04281332398719394":[{"CDF_Distance":1.2270304457724894,"RMSE_Predictions":0.32323233983719646,"RMSE_Coefficients":0.3474324976720635,"Area_Between_Curves":15.664871806560987,"ISE_Coefficients":95.8856848196867,"Adjusted_R_squared":0.8823655971007864,"SE_Coefficients":[6.7860813321692985,4.3490799754200555,0.0,0.0,0.0,0.0,0.0,0.0,0.0,5.426048452842911],"R_squared":0.9022705509396829,"IQR":3.4743249767206352,"MSE_Predictions":0.10577712306843542,"MSE_Coefficients":0.1215992652945809}],"0.04832930238571752":[{"CDF_Distance":1.2255381326826476,"RMSE_Predictions":0.323766905581487,"RMSE_Coefficients":0.35144032974259015,"Area_Between_Curves":15.689933537848987,"ISE_Coefficients":100.64716176926217,"Adjusted_R_squared":0.8819571048636448,"SE_Coefficients":[6.986765791706764,4.240933130185526,0.0,0.0,0.0,0.0,0.0,0.0,0.0,5.703571270141984],"R_squared":0.9019307975752252,"IQR":3.514403297425902,"MSE_Predictions":0.10614270565095718,"MSE_Coefficients":0.1242633896674088}],"0.06951927961775606":[{"CDF_Distance":1.223366320061639,"RMSE_Predictions":0.3264680274614669,"RMSE_Coefficients":0.37417157417985747,"Area_Between_Curves":15.785294644643233,"ISE_Coefficients":123.43338919536966,"Adjusted_R_squared":0.8799412059149994,"SE_Coefficients":[7.806599562372432,3.9763562029296624,0.0,0.0,0.0,0.0,0.0,0.0,0.0,6.759072957796197],"R_squared":0.9002544484142222,"IQR":3.7417157417985747,"MSE_Predictions":0.10795166768169584,"MSE_Coefficients":0.1404942787412878}],"0.0206913808111479":[{"CDF_Distance":1.2412609026394708,"RMSE_Predictions":0.32236346830680807,"RMSE_Coefficients":0.36441936079832665,"Area_Between_Curves":15.592627591301689,