Adjusted_R_squared,Area_Between_Curves,CDF_Distance,Functional_Correlation,ISE_Coefficients,MAE_Predictions,MSE_Coefficients,MSE_Predictions,RMSE_Coefficients,RMSE_Predictions,R_squared
0.9990354083879402,12.852267763403155,377.5831849339331,0.9995242620584944,0.3222322368499671,0.03672076503829473,0.01074107456166557,0.0021639934001886386,0.10363915554299721,0.04651874246138473,0.9990409318566075
