Adjusted_R_squared,Area_Between_Curves,CDF_Distance,Functional_Correlation,ISE_Coefficients,MAE_Predictions,MSE_Coefficients,MSE_Predictions,RMSE_Coefficients,RMSE_Predictions,R_squared
0.9995963592417153,13.312252073497476,21.100060095310297,0.9998000678434236,0.023825757672784244,0.03803500592427851,0.0007941919224261415,0.002240439947875585,0.028181410937462688,0.04733328583434268,0.9995986722249011
