Adjusted_R_squared,Area_Between_Curves,CDF_Distance,Functional_Correlation,ISE_Coefficients,MAE_Predictions,MSE_Coefficients,MSE_Predictions,RMSE_Coefficients,RMSE_Predictions,R_squared
0.9991824083439279,13.17563842535966,2.7448109243312526,0.9996029818658874,0.5329180083070775,0.037644681215313315,0.017763933610235916,0.0021604299975628606,0.13328140759399232,0.04648042596150406,0.9991870928787354
