Adjusted_R_squared,Area_Between_Curves,CDF_Distance,Functional_Correlation,ISE_Coefficients,MAE_Predictions,MSE_Coefficients,MSE_Predictions,RMSE_Coefficients,RMSE_Predictions,R_squared
0.9113516409697238,3.074874303141674,0.03758406537338539,0.9577163402726963,6.46867758184689,0.020499162020944494,0.17968548838463583,0.0006529426874495255,0.4238932511666538,0.02555274324704738,0.9130374557229984
