Adjusted_R_squared,Area_Between_Curves,CDF_Distance,Functional_Correlation,ISE_Coefficients,MAE_Predictions,MSE_Coefficients,MSE_Predictions,RMSE_Coefficients,RMSE_Predictions,R_squared
0.999595972323419,13.318293992079692,23.74029242525085,0.9998000703451113,0.05978290661873604,0.03805226854879911,0.001992763553957868,0.0022425878419326953,0.04464038030704788,0.04735596944348933,0.9995982874747792
