Adjusted_R_squared,Area_Between_Curves,CDF_Distance,Functional_Correlation,ISE_Coefficients,MAE_Predictions,MSE_Coefficients,MSE_Predictions,RMSE_Coefficients,RMSE_Predictions,R_squared
0.9402450089989014,17.907775287075108,0.23038487840039734,0.9708382657981443,6.6425877066618675,0.11938516858050081,0.18451632518505187,0.024210492212757496,0.42955363481764636,0.15559721145559613,0.9413986991188927
