Adjusted_R_squared,Area_Between_Curves,CDF_Distance,Functional_Correlation,ISE_Coefficients,MAE_Predictions,MSE_Coefficients,MSE_Predictions,RMSE_Coefficients,RMSE_Predictions,R_squared
0.943216887952924,35.416756438047216,0.38832813632411706,0.9721726527877982,9.40536400586979,0.23611170958698152,0.2612601112741608,0.094873246507944,0.5111360985825212,0.30801501019908756,0.9443255333203471
