Adjusted_R_squared,Area_Between_Curves,CDF_Distance,Functional_Correlation,ISE_Coefficients,MAE_Predictions,MSE_Coefficients,MSE_Predictions,RMSE_Coefficients,RMSE_Predictions,R_squared
0.9993732337353912,4.438276897422515,8.093804951695036,0.9997076504292207,0.2841751529209581,0.04438276897422514,0.011367006116838323,0.0030508646493319046,0.10661616254976693,0.05523463269844296,0.9993858929052032
