Adjusted_R_squared,Area_Between_Curves,CDF_Distance,Functional_Correlation,ISE_Coefficients,MAE_Predictions,MSE_Coefficients,MSE_Predictions,RMSE_Coefficients,RMSE_Predictions,R_squared
0.9989992062666128,14.416273179529034,46.24783017413006,0.9995154667949121,0.2995996115250164,0.04118935194151153,0.009986653717500547,0.00251493623862064,0.09993324630722523,0.050149139958932894,0.999004925551105
