Adjusted_R_squared,Area_Between_Curves,CDF_Distance,Functional_Correlation,ISE_Coefficients,MAE_Predictions,MSE_Coefficients,MSE_Predictions,RMSE_Coefficients,RMSE_Predictions,R_squared
0.9995103581917948,4.496611109680593,0.4387346819538361,0.9997618743618628,0.07914655584087543,0.044966111096805934,0.0031658622336350173,0.0030325608848248004,0.05626599535807589,0.055068692419784224,0.9995202490583464
