Adjusted_R_squared,Area_Between_Curves,CDF_Distance,Functional_Correlation,ISE_Coefficients,MAE_Predictions,MSE_Coefficients,MSE_Predictions,RMSE_Coefficients,RMSE_Predictions,R_squared
0.9347507239656198,24.095565993894418,0.2412829605366674,0.9684798597621076,5.371607735576136,0.1606371066259628,0.149211325988226,0.03931644478061363,0.3862788189743595,0.19828374815050684,0.9360562382176023
