Adjusted_R_squared,Area_Between_Curves,CDF_Distance,Functional_Correlation,ISE_Coefficients,MAE_Predictions,MSE_Coefficients,MSE_Predictions,RMSE_Coefficients,RMSE_Predictions,R_squared
0.9243322873616735,50.65399104864203,0.5007365292372205,0.9626520816904663,2.9486660194520153,0.3376932736576136,0.12286108414383397,0.1694183824225851,0.35051545492864356,0.411604643344296,0.9258428799786892
