Adjusted_R_squared,Area_Between_Curves,CDF_Distance,Functional_Correlation,ISE_Coefficients,MAE_Predictions,MSE_Coefficients,MSE_Predictions,RMSE_Coefficients,RMSE_Predictions,R_squared
0.9999998435952323,0.41599642786747637,0.010247942659333147,0.9999999235579519,3.008428633256776e-6,0.0008319928557349529,1.2033714533027106e-7,1.0832106949223453e-6,0.00034689644756075416,0.0010407740844786371,0.9999998448521186
