Adjusted_R_squared,Area_Between_Curves,CDF_Distance,Functional_Correlation,ISE_Coefficients,MAE_Predictions,MSE_Coefficients,MSE_Predictions,RMSE_Coefficients,RMSE_Predictions,R_squared
0.9013591166729216,3.1648536581689806,0.037085926931943805,0.9515597604011589,7.512215219329862,0.021099024387793205,0.20867264498138505,0.0007270701264535979,0.45680701065262236,0.026964237917167212,0.9031647504757546
