Adjusted_R_squared,Area_Between_Curves,CDF_Distance,Functional_Correlation,ISE_Coefficients,MAE_Predictions,MSE_Coefficients,MSE_Predictions,RMSE_Coefficients,RMSE_Predictions,R_squared
0.9167481049121043,3.4605063933766322,0.03996403015796464,0.9585350703023757,3.576087779522665,0.023070042622510882,0.14900365748011105,0.0008428324340366419,0.38600991888824704,0.029031576499333307,0.9184230835431941
