Adjusted_R_squared,Area_Between_Curves,CDF_Distance,Functional_Correlation,ISE_Coefficients,MAE_Predictions,MSE_Coefficients,MSE_Predictions,RMSE_Coefficients,RMSE_Predictions,R_squared
0.8739173503117779,3.7444007345241204,0.01173009238170955,0.9385117151102056,4.393356310296335,0.024962671563494136,0.12203767528600931,0.0009626918895086739,0.3493389117833988,0.03102727654030682,0.8763210139753395
