Adjusted_R_squared,Area_Between_Curves,CDF_Distance,Functional_Correlation,ISE_Coefficients,MAE_Predictions,MSE_Coefficients,MSE_Predictions,RMSE_Coefficients,RMSE_Predictions,R_squared
0.9115106994137882,3.0744249028321446,0.03815386441662539,0.957732061748394,4.559385738301089,0.020496166018880966,0.1899744057625454,0.000651791949867003,0.4358605347614595,0.02553021640854231,0.9131907173643259
