Adjusted_R_squared,Area_Between_Curves,CDF_Distance,Functional_Correlation,ISE_Coefficients,MAE_Predictions,MSE_Coefficients,MSE_Predictions,RMSE_Coefficients,RMSE_Predictions,R_squared
0.9111123787350096,23.963119724466722,0.1301664773796707,0.9566105490143698,5.882124811256116,0.1597541314964448,0.16339235586822543,0.040695482593166916,0.4042182032865732,0.2017312137304659,0.9127941374504686
