Adjusted_R_squared,Area_Between_Curves,CDF_Distance,Functional_Correlation,ISE_Coefficients,MAE_Predictions,MSE_Coefficients,MSE_Predictions,RMSE_Coefficients,RMSE_Predictions,R_squared
0.9247087251801788,50.49632704068885,0.4999670743541297,0.9628362751894383,7.647049769249394,0.33664218027125925,0.2124180491458165,0.16857515490556987,0.4608883261114524,0.4105790483032103,0.9262119740716112
