Adjusted_R_squared,Area_Between_Curves,CDF_Distance,Functional_Correlation,ISE_Coefficients,MAE_Predictions,MSE_Coefficients,MSE_Predictions,RMSE_Coefficients,RMSE_Predictions,R_squared
0.9110143954035207,24.256171866331563,0.12721961932243436,0.956537500391373,1.2831353671950139,0.16170781244221033,0.05346397363312558,0.04077692400718159,0.2312227792262812,0.20193296909415656,0.9126196176191792
