{
   "0": [
    {"IQR":0.6198613399306081,"RMSE_Coefficients":0.17893855573458936,"ISE_Coefficients":0.38422808074056886,"MSE_Predictions":9.884803088945667,"R_squared":0.6317284554844217,"Adjusted_R_squared":0.6309187296878086,"MSE_Coefficients":0.03201900672838074,"RMSE_Predictions":3.144010669343485}
    ,
    {"IQR":0.5287989652853679,"RMSE_Coefficients":0.17312904518680375,"ISE_Coefficients":0.359683995447532,"MSE_Predictions":10.005196264275954,"R_squared":0.6272430469002486,"Adjusted_R_squared":0.6264234589486766,"MSE_Coefficients":0.029973666287294334,"RMSE_Predictions":3.1630991549864436}
  ],
    "1": [
      {"IQR":0.606998264387706,"RMSE_Coefficients":0.17522530567093886,"ISE_Coefficients":0.36844689296968747,"MSE_Predictions":9.88273649967688,"R_squared":0.6318054490284564,"Adjusted_R_squared":0.6309958925190438,"MSE_Coefficients":0.030703907747473957,"RMSE_Predictions":3.14368199722505}

      ,
      {"IQR":0.488244808489547,"RMSE_Coefficients":0.22053365729257235,"ISE_Coefficients":0.4863509399883775,"MSE_Predictions":10.04924421339232,"R_squared":0.6256019817107994,"Adjusted_R_squared":0.6247787855173266,"MSE_Coefficients":0.048635093998837746,"RMSE_Predictions":3.1700542918682513}

    ],
 
    "80": [
      {"IQR":0.22824578802655518,"RMSE_Coefficients":0.06588888357926495,"ISE_Coefficients":0.05209613975186316,"MSE_Predictions":9.832984317851828,"R_squared":0.6336590330279408,"Adjusted_R_squared":0.6328535520296636,"MSE_Coefficients":0.00434134497932193,"RMSE_Predictions":3.135758969986665}
      ,
      {"IQR":0.5287989652853679,"RMSE_Coefficients":0.17312904518680375,"ISE_Coefficients":0.359683995447532,"MSE_Predictions":10.005196264275954,"R_squared":0.6272430469002486,"Adjusted_R_squared":0.6264234589486766,"MSE_Coefficients":0.029973666287294334,"RMSE_Predictions":3.1630991549864436}
    ],


    "150": [
      {"IQR":0.1446344968773173,"RMSE_Coefficients":0.04175238285311262,"ISE_Coefficients":0.020919137686954713,"MSE_Predictions":9.82734248544891,"R_squared":0.6338692270312232,"Adjusted_R_squared":0.6330642081905831,"MSE_Coefficients":0.0017432614739128927,"RMSE_Predictions":3.1348592449181685}

      ,
      {"IQR":0.488244808489547,"RMSE_Coefficients":0.22053365729257235,"ISE_Coefficients":0.4863509399883775,"MSE_Predictions":10.04924421339232,"R_squared":0.6256019817107994,"Adjusted_R_squared":0.6247787855173266,"MSE_Coefficients":0.048635093998837746,"RMSE_Predictions":3.1700542918682513}

    ],
    "180": [
      {"IQR":0.132859917436909,"RMSE_Coefficients":0.03835335454835543,"ISE_Coefficients":0.017651757661342277,"MSE_Predictions":9.827149653116283,"R_squared":0.633876411257386,"Adjusted_R_squared":0.6330714082128435,"MSE_Coefficients":0.0014709798051118564,"RMSE_Predictions":3.1348284886284103}

      ,
      {"IQR":0.488244808489547,"RMSE_Coefficients":0.22053365729257235,"ISE_Coefficients":0.4863509399883775,"MSE_Predictions":10.04924421339232,"R_squared":0.6256019817107994,"Adjusted_R_squared":0.6247787855173266,"MSE_Coefficients":0.048635093998837746,"RMSE_Predictions":3.1700542918682513}

    ],
    "200": [
      {"IQR":0.13018273351706544,"RMSE_Coefficients":0.03758051811995952,"ISE_Coefficients":0.016947544105975272,"MSE_Predictions":9.82735692501985,"R_squared":0.6338686890657176,"Adjusted_R_squared":0.6330636690422422,"MSE_Coefficients":0.001412295342164606,"RMSE_Predictions":3.134861547982598}
      ,
      {"IQR":0.488244808489547,"RMSE_Coefficients":0.22053365729257235,"ISE_Coefficients":0.4863509399883775,"MSE_Predictions":10.04924421339232,"R_squared":0.6256019817107994,"Adjusted_R_squared":0.6247787855173266,"MSE_Coefficients":0.048635093998837746,"RMSE_Predictions":3.1700542918682513}

    ],
    
    "210": [
      {"IQR":0.13049847855008598,"RMSE_Coefficients":0.037671665859864374,"ISE_Coefficients":0.01702985290388725,"MSE_Predictions":9.827746522586809,"R_squared":0.6338541740878844,"Adjusted_R_squared":0.6330491221500452,"MSE_Coefficients":0.001419154408657271,"RMSE_Predictions":3.1349236868840697}
      ,
      {"IQR":0.488244808489547,"RMSE_Coefficients":0.22053365729257235,"ISE_Coefficients":0.4863509399883775,"MSE_Predictions":10.04924421339232,"R_squared":0.6256019817107994,"Adjusted_R_squared":0.6247787855173266,"MSE_Coefficients":0.048635093998837746,"RMSE_Predictions":3.1700542918682513}

    ],
    "220": [
      {"IQR":0.13049847855008598,"RMSE_Coefficients":0.037671665859864374,"ISE_Coefficients":0.01702985290388725,"MSE_Predictions":9.827746522586809,"R_squared":0.6338541740878844,"Adjusted_R_squared":0.6330491221500452,"MSE_Coefficients":0.001419154408657271,"RMSE_Predictions":3.1349236868840697}
      ,
      {"IQR":0.488244808489547,"RMSE_Coefficients":0.22053365729257235,"ISE_Coefficients":0.4863509399883775,"MSE_Predictions":10.04924421339232,"R_squared":0.6256019817107994,"Adjusted_R_squared":0.6247787855173266,"MSE_Coefficients":0.048635093998837746,"RMSE_Predictions":3.1700542918682513}

    ],
    "300": [
      {"IQR":0.16146817550654985,"RMSE_Coefficients":0.04661184729713215,"ISE_Coefficients":0.026071971701413985,"MSE_Predictions":9.832557177050774,"R_squared":0.6336749467291163,"Adjusted_R_squared":0.6328695007206029,"MSE_Coefficients":0.0021726643084511656,"RMSE_Predictions":3.1356908612059917}
      ,
      {"IQR":0.488244808489547,"RMSE_Coefficients":0.22053365729257235,"ISE_Coefficients":0.4863509399883775,"MSE_Predictions":10.04924421339232,"R_squared":0.6256019817107994,"Adjusted_R_squared":0.6247787855173266,"MSE_Coefficients":0.048635093998837746,"RMSE_Predictions":3.1700542918682513}

    ],
    "500": [
      {"IQR":0.2012022986518758,"RMSE_Coefficients":0.05808210064411599,"ISE_Coefficients":0.04048236498279862,"MSE_Predictions":9.840682465536634,"R_squared":0.6333722282517324,"Adjusted_R_squared":0.6325661166502241,"MSE_Coefficients":0.0033735304152332185,"RMSE_Predictions":3.136986207418935}
      ,
      {"IQR":0.488244808489547,"RMSE_Coefficients":0.22053365729257235,"ISE_Coefficients":0.4863509399883775,"MSE_Predictions":10.04924421339232,"R_squared":0.6256019817107994,"Adjusted_R_squared":0.6247787855173266,"MSE_Coefficients":0.048635093998837746,"RMSE_Predictions":3.1700542918682513}

    ]
  }
  