Adjusted_R_squared,Area_Between_Curves,CDF_Distance,Functional_Correlation,ISE_Coefficients,MAE_Predictions,MSE_Coefficients,MSE_Predictions,RMSE_Coefficients,RMSE_Predictions,R_squared
0.9165560143670081,3.48657716163169,0.037032161152978936,0.9583186300696055,4.129205588244326,0.023243847744211267,0.1720502328435136,0.0008448493642807497,0.4147893837160175,0.029066292578874758,0.9182278668626557
