Adjusted_R_squared,Area_Between_Curves,CDF_Distance,Functional_Correlation,ISE_Coefficients,MAE_Predictions,MSE_Coefficients,MSE_Predictions,RMSE_Coefficients,RMSE_Predictions,R_squared
0.9338182074748334,38.63114076188316,0.39771270159773814,0.9672852782800294,12.262516365496765,0.2575409384125544,0.34062545459713234,0.11054461980217271,0.5836312659523412,0.3324825105207381,0.9351291014240181
