Adjusted_R_squared,Area_Between_Curves,CDF_Distance,Functional_Correlation,ISE_Coefficients,MAE_Predictions,MSE_Coefficients,MSE_Predictions,RMSE_Coefficients,RMSE_Predictions,R_squared
0.9137300771312767,3.5260276724666113,0.039297459997878766,0.9570804870801921,4.071852718698885,0.023506851149777408,0.11310701996385791,0.000873421614199291,0.3363138712034606,0.029553707283508292,0.9154623870941274
