Adjusted_R_squared,Area_Between_Curves,CDF_Distance,Functional_Correlation,ISE_Coefficients,MAE_Predictions,MSE_Coefficients,MSE_Predictions,RMSE_Coefficients,RMSE_Predictions,R_squared
0.943462287265118,35.31947114310955,0.3896206844932834,0.9722871436091289,0.6041194625964067,0.2354631409540638,0.025171644274850278,0.09445983818364903,0.1586557413863434,0.3073431928376632,0.9445681337248154
