Adjusted_R_squared,Area_Between_Curves,CDF_Distance,Functional_Correlation,ISE_Coefficients,MAE_Predictions,MSE_Coefficients,MSE_Predictions,RMSE_Coefficients,RMSE_Predictions,R_squared
0.9448988446754065,35.09416709086686,0.3589900051104268,0.9729802966675261,7.742075104010285,0.23396111393911245,0.21505764177806347,0.0920668627646483,0.46374307733707837,0.3034252177467264,0.9459724034756057
