Adjusted_R_squared,Area_Between_Curves,CDF_Distance,Functional_Correlation,ISE_Coefficients,MAE_Predictions,MSE_Coefficients,MSE_Predictions,RMSE_Coefficients,RMSE_Predictions,R_squared
0.9996820238434444,6.6551684131819435,0.3634384010856308,0.9998463882825415,0.04300790318134732,0.06655168413181942,0.0017203161272538927,0.006573220345052478,0.04147669378402638,0.08107539913594307,0.9996884472988757
