Adjusted_R_squared,Area_Between_Curves,CDF_Distance,Functional_Correlation,ISE_Coefficients,MAE_Predictions,MSE_Coefficients,MSE_Predictions,RMSE_Coefficients,RMSE_Predictions,R_squared
0.9991785684608903,13.326699689584052,2.3281477118317957,0.9995931396424763,0.34654902860379816,0.038076284827383,0.011551634286793271,0.0021705744819061853,0.10747852942236077,0.046589424571528947,0.9991832758036284
