Adjusted_R_squared,Area_Between_Curves,CDF_Distance,Functional_Correlation,ISE_Coefficients,MAE_Predictions,MSE_Coefficients,MSE_Predictions,RMSE_Coefficients,RMSE_Predictions,R_squared
0.9997454321345162,21.67928078652827,3.7171877331690273,0.9998773180919258,0.029403435138628,0.06194080224722367,0.0009801145046209334,0.0059564976841991035,0.03130678048955104,0.07717834984112516,0.9997468902136277
