Adjusted_R_squared,Area_Between_Curves,CDF_Distance,Functional_Correlation,ISE_Coefficients,MAE_Predictions,MSE_Coefficients,MSE_Predictions,RMSE_Coefficients,RMSE_Predictions,R_squared
0.9907421473173893,272.81750429115084,0.24472244323260947,0.9954632893475376,73.96943166307862,0.5456350085823015,1.0273532175427587,0.46784973078823416,1.013584341602986,0.683995417227509,0.9907791277062753
