Adjusted_R_squared,Area_Between_Curves,CDF_Distance,Functional_Correlation,ISE_Coefficients,MAE_Predictions,MSE_Coefficients,MSE_Predictions,RMSE_Coefficients,RMSE_Predictions,R_squared
0.9261662228187973,41.251869977069205,0.2254081787433675,0.9641951393125067,6.481708536857669,0.2750124665137948,0.18004745935715746,0.11884362807793745,0.42431999641444834,0.3447370419289715,0.927564033070648
