Adjusted_R_squared,Area_Between_Curves,CDF_Distance,Functional_Correlation,ISE_Coefficients,MAE_Predictions,MSE_Coefficients,MSE_Predictions,RMSE_Coefficients,RMSE_Predictions,R_squared
0.9353993664270673,23.864438148572553,0.24962173126150494,0.9687645602957703,4.074027241295811,0.159096254323817,0.1697511350539921,0.03892140812290936,0.4120086589551148,0.1972850935142069,0.9366987207736043
