Adjusted_R_squared,Area_Between_Curves,CDF_Distance,Functional_Correlation,ISE_Coefficients,MAE_Predictions,MSE_Coefficients,MSE_Predictions,RMSE_Coefficients,RMSE_Predictions,R_squared
0.9245691349873337,42.383832945074715,0.21243401208308735,0.9633787594665523,7.750760444267972,0.2825588863004981,0.21529890122966588,0.12151301272543956,0.4640031263145388,0.348587166610361,0.9259370257066406
