Adjusted_R_squared,Area_Between_Curves,CDF_Distance,Functional_Correlation,ISE_Coefficients,MAE_Predictions,MSE_Coefficients,MSE_Predictions,RMSE_Coefficients,RMSE_Predictions,R_squared
0.2098186462906575,2862.443032998245,0.028319813347121275,0.6589073072395952,876.4713905459146,5.724886065996494,12.173213757582147,41.12236408654373,3.489013292835404,6.412672148686828,0.21113394990931977
