Adjusted_R_squared,Area_Between_Curves,CDF_Distance,Functional_Correlation,ISE_Coefficients,MAE_Predictions,MSE_Coefficients,MSE_Predictions,RMSE_Coefficients,RMSE_Predictions,R_squared
0.9347574801587892,24.04164703824823,0.25061576047014966,0.9684287439800888,9.691406768997663,0.1602776469216548,0.26920574358326843,0.03930773591292181,0.518850405785009,0.19826178631527008,0.9360704022083748
