Adjusted_R_squared,Area_Between_Curves,CDF_Distance,Functional_Correlation,ISE_Coefficients,MAE_Predictions,MSE_Coefficients,MSE_Predictions,RMSE_Coefficients,RMSE_Predictions,R_squared
0.9408461055458764,17.912697586102368,0.22644173054605415,0.9711655081339868,2.363618249220003,0.11941798390734908,0.09848409371750012,0.02396803543140208,0.313821754691258,0.15481613427353777,0.9419855638001233
