Adjusted_R_squared,Area_Between_Curves,CDF_Distance,Functional_Correlation,ISE_Coefficients,MAE_Predictions,MSE_Coefficients,MSE_Predictions,RMSE_Coefficients,RMSE_Predictions,R_squared
0.9101615868962181,3.060814678412302,0.03582380333961496,0.9559890032975576,4.011306150295764,0.020405431189415346,0.1671377562623235,0.0006622895383255614,0.40882484790228135,0.025734986658740692,0.9117925900574791
