Adjusted_R_squared,Area_Between_Curves,CDF_Distance,Functional_Correlation,ISE_Coefficients,MAE_Predictions,MSE_Coefficients,MSE_Predictions,RMSE_Coefficients,RMSE_Predictions,R_squared
0.8736442782101719,3.7525471551677754,0.012126512174445329,0.938642059858508,4.725684924508729,0.025016981034451834,0.19690353852119705,0.0009647762892576446,0.4437381418372744,0.031060848173506864,0.876053226898049
