Adjusted_R_squared,Area_Between_Curves,CDF_Distance,Functional_Correlation,ISE_Coefficients,MAE_Predictions,MSE_Coefficients,MSE_Predictions,RMSE_Coefficients,RMSE_Predictions,R_squared
0.9104983614840098,135.3171295888098,0.5420534890643876,0.9555709158367416,296.45734363115974,0.5412685183552387,8.23492621197666,0.43971434155305095,2.869656113888328,0.6631095999554304,0.9123042444501475
