Adjusted_R_squared,Area_Between_Curves,CDF_Distance,Functional_Correlation,ISE_Coefficients,MAE_Predictions,MSE_Coefficients,MSE_Predictions,RMSE_Coefficients,RMSE_Predictions,R_squared
0.9996314484731263,4.049033001345831,27.04719221206792,0.9998362865430899,0.06756365433399472,0.04049033001345831,0.002702546173359789,0.002665813394684248,0.0519860190181917,0.05163151551798812,0.9996388873861658
