Adjusted_R_squared,Area_Between_Curves,CDF_Distance,Functional_Correlation,ISE_Coefficients,MAE_Predictions,MSE_Coefficients,MSE_Predictions,RMSE_Coefficients,RMSE_Predictions,R_squared
0.9997616235665032,6.276786079904595,576.2201488747854,0.999893284833199,0.06118274565654278,0.06276786079904594,0.0024473098262617113,0.006370311894550823,0.049470292360786705,0.07981423365885826,0.9997664369579609
