Adjusted_R_squared,Area_Between_Curves,CDF_Distance,IQR,ISE_Coefficients,MSE_Coefficients,MSE_Predictions,RMSE_Coefficients,RMSE_Predictions,R_squared,SE_Coefficients
0.9910885111713966,67.10109326204672,0.15238116506607846,0.08846585086244849,0.02415893623110455,0.00043478926493427654,0.02886601381410926,0.020851601016091702,0.1699000112245707,0.9911230819972202,0.10869877886145746
0.9910885111713966,67.10109326204672,0.15238116506607846,0.08846585086244849,0.02415893623110455,0.00043478926493427654,0.02886601381410926,0.020851601016091702,0.1699000112245707,0.9911230819972202,0.1111013578005801
0.9910885111713966,67.10109326204672,0.15238116506607846,0.08846585086244849,0.02415893623110455,0.00043478926493427654,0.02886601381410926,0.020851601016091702,0.1699000112245707,0.9911230819972202,0.0
