Adjusted_R_squared,Area_Between_Curves,CDF_Distance,Functional_Correlation,ISE_Coefficients,MAE_Predictions,MSE_Coefficients,MSE_Predictions,RMSE_Coefficients,RMSE_Predictions,R_squared
0.9991876233315898,3.770310626291559,9.62400982615237,0.9996074406072429,0.28472494270946463,0.0377031062629156,0.011388997708378585,0.0023430071640992475,0.1067192471318018,0.048404619243407415,0.9992040262296089
