Adjusted_R_squared,Area_Between_Curves,CDF_Distance,Functional_Correlation,ISE_Coefficients,MAE_Predictions,MSE_Coefficients,MSE_Predictions,RMSE_Coefficients,RMSE_Predictions,R_squared
0.9235986002843982,51.051511910156584,0.47852068329828384,0.9631630098108344,1.3061416715246676,0.34034341273437735,0.05442256964686115,0.17103304477980527,0.23328645405779813,0.41356141597083895,0.9251361165891084
