Adjusted_R_squared,Area_Between_Curves,CDF_Distance,Functional_Correlation,ISE_Coefficients,MAE_Predictions,MSE_Coefficients,MSE_Predictions,RMSE_Coefficients,RMSE_Predictions,R_squared
0.9989519026807395,4.195984476017832,0.663750420698696,0.9994908292441083,0.3171848841628644,0.04195984476017834,0.012687395366514576,0.0027026816225944688,0.11263833879507712,0.051987321748619336,0.9989730749082486
