Adjusted_R_squared,Area_Between_Curves,CDF_Distance,Functional_Correlation,ISE_Coefficients,MAE_Predictions,MSE_Coefficients,MSE_Predictions,RMSE_Coefficients,RMSE_Predictions,R_squared
0.9907587721192522,273.06357161076755,0.24081424921715305,0.9954550626971526,83.33494868393375,0.5461271432215351,1.1574298428324132,0.4670172725603532,1.0758391342725981,0.6833866201209629,0.9907955346645442
