Adjusted_R_squared,Area_Between_Curves,CDF_Distance,Functional_Correlation,ISE_Coefficients,MAE_Predictions,MSE_Coefficients,MSE_Predictions,RMSE_Coefficients,RMSE_Predictions,R_squared
0.8755257377986363,3.7026630367555704,0.012584759677672776,0.9384969787149297,2.568300731730288,0.024684420245037135,0.07134168699250801,0.0009506125134822963,0.267098646556863,0.030832004694510154,0.8778728759937423
