Adjusted_R_squared,Area_Between_Curves,CDF_Distance,Functional_Correlation,ISE_Coefficients,MAE_Predictions,MSE_Coefficients,MSE_Predictions,RMSE_Coefficients,RMSE_Predictions,R_squared
0.9262015475064531,41.32111953125589,0.23034216075097877,0.9641653425428135,1.2445716181553772,0.27547413020837247,0.05185715075647405,0.11878421057515089,0.22772165192724658,0.3446508531472842,0.9276002484263763
