Adjusted_R_squared,Area_Between_Curves,CDF_Distance,Functional_Correlation,ISE_Coefficients,MAE_Predictions,MSE_Coefficients,MSE_Predictions,RMSE_Coefficients,RMSE_Predictions,R_squared
0.9997188408450038,20.622181872265706,4.010318987865681,0.999860690855419,0.02864740420697469,0.05892051963504494,0.000954913473565823,0.005518225508643804,0.030901674284184392,0.07428475959874814,0.9997204520698777
