Adjusted_R_squared,Area_Between_Curves,CDF_Distance,Functional_Correlation,ISE_Coefficients,MAE_Predictions,MSE_Coefficients,MSE_Predictions,RMSE_Coefficients,RMSE_Predictions,R_squared
0.9997141067244837,22.906071598398075,14.318551883389558,0.9998610838612237,0.02644763034707099,0.06544591885256586,0.0008815876782356997,0.006380302314753613,0.029691542200359005,0.07987679459488602,0.9997157432718421
