Adjusted_R_squared,Area_Between_Curves,CDF_Distance,Functional_Correlation,ISE_Coefficients,MAE_Predictions,MSE_Coefficients,MSE_Predictions,RMSE_Coefficients,RMSE_Predictions,R_squared
0.9110014969782456,24.261877213037774,0.12456929931507525,0.9565219765884133,5.769322327894295,0.16174584808691844,0.1602589535526193,0.04078139021948858,0.4003235610760617,0.2019440274419835,0.9126100470262842
