Adjusted_R_squared,Area_Between_Curves,CDF_Distance,Functional_Correlation,ISE_Coefficients,MAE_Predictions,MSE_Coefficients,MSE_Predictions,RMSE_Coefficients,RMSE_Predictions,R_squared
0.8741453324800632,3.6650687736567606,0.011643571157115212,0.9369325067015072,5.143947409999343,0.024433791824378406,0.21433114208330595,0.0009602923415485152,0.4629591149154598,0.03098858405201043,0.8766292887846157
