Adjusted_R_squared,Area_Between_Curves,CDF_Distance,Functional_Correlation,ISE_Coefficients,MAE_Predictions,MSE_Coefficients,MSE_Predictions,RMSE_Coefficients,RMSE_Predictions,R_squared
0.9997195886500753,20.570190547710002,51.4752275809636,0.9998615809103156,0.053428076349830586,0.05877197299345717,0.0017809358783276862,0.005503554390781251,0.0422011359838534,0.07418594469831365,0.9997211952944205
