Adjusted_R_squared,Area_Between_Curves,CDF_Distance,Functional_Correlation,ISE_Coefficients,MAE_Predictions,MSE_Coefficients,MSE_Predictions,RMSE_Coefficients,RMSE_Predictions,R_squared
0.9990368611719412,12.77973477383466,33.71828909887341,0.9995230458578354,0.4026471046800878,0.03651352792524187,0.013421570156002927,0.0021607245691176056,0.11585150044778413,0.04648359462345404,0.9990423805817958
