Adjusted_R_squared,Area_Between_Curves,CDF_Distance,Functional_Correlation,ISE_Coefficients,MAE_Predictions,MSE_Coefficients,MSE_Predictions,RMSE_Coefficients,RMSE_Predictions,R_squared
0.9367886126576067,23.808584917266835,0.25555402154060475,0.9688817414153873,4.069902127952187,0.1587238994484455,0.16957925533134113,0.03809483057735894,0.4118000186150325,0.19517897063300374,0.9380430558975527
