Adjusted_R_squared,Area_Between_Curves,CDF_Distance,Functional_Correlation,ISE_Coefficients,MAE_Predictions,MSE_Coefficients,MSE_Predictions,RMSE_Coefficients,RMSE_Predictions,R_squared
0.9989844014038758,14.522200653245852,34.029475480722326,0.999518420502971,0.4192733194360421,0.041492001866416696,0.013975777314534737,0.002552124672121114,0.11821919181983413,0.05051855770032548,0.9989902113570024
