Adjusted_R_squared,Area_Between_Curves,CDF_Distance,Functional_Correlation,ISE_Coefficients,MAE_Predictions,MSE_Coefficients,MSE_Predictions,RMSE_Coefficients,RMSE_Predictions,R_squared
0.9263613419801829,50.29687482068588,0.4868863301674716,0.9636215336089384,6.864653611720772,0.33531249880457253,0.19068482254779923,0.16485063969149047,0.43667473312272054,0.4060180287764208,0.9278422536068197
