Adjusted_R_squared,Area_Between_Curves,CDF_Distance,Functional_Correlation,ISE_Coefficients,MAE_Predictions,MSE_Coefficients,MSE_Predictions,RMSE_Coefficients,RMSE_Predictions,R_squared
0.999632376622879,14.183049402132077,4.68453185035236,0.9998185057664234,0.04160300991002936,0.040522998291805924,0.0013867669970009787,0.002447029162623106,0.03723932057652205,0.04946745559075286,0.9996344825477694
