Adjusted_R_squared,Area_Between_Curves,CDF_Distance,Functional_Correlation,ISE_Coefficients,MAE_Predictions,MSE_Coefficients,MSE_Predictions,RMSE_Coefficients,RMSE_Predictions,R_squared
0.9235686979537097,50.997621060502205,0.4766474631794826,0.963081026628497,6.161871388209609,0.33998414040334796,0.1711630941169336,0.17110067285331082,0.41371861707800095,0.4136431709255102,0.9251065147059359
