Adjusted_R_squared,Area_Between_Curves,CDF_Distance,Functional_Correlation,ISE_Coefficients,MAE_Predictions,MSE_Coefficients,MSE_Predictions,RMSE_Coefficients,RMSE_Predictions,R_squared
0.9345230285021703,38.51660659491832,0.39697289086434345,0.9676224189014148,3.816096823429956,0.25677737729945554,0.15900403430958152,0.10937012527260502,0.39875309943570536,0.33071154390587126,0.9358183300417652
