Adjusted_R_squared,Area_Between_Curves,CDF_Distance,Functional_Correlation,ISE_Coefficients,MAE_Predictions,MSE_Coefficients,MSE_Predictions,RMSE_Coefficients,RMSE_Predictions,R_squared
0.9102238390458681,24.716878548636995,0.12499301126238486,0.9561325197100593,4.815945539745345,0.16477919032424662,0.20066439748938936,0.041119438691113785,0.44795579858886675,0.20277928565589184,0.9118856470026664
