Adjusted_R_squared,Area_Between_Curves,CDF_Distance,Functional_Correlation,ISE_Coefficients,MAE_Predictions,MSE_Coefficients,MSE_Predictions,RMSE_Coefficients,RMSE_Predictions,R_squared
0.9268262367734987,50.13121124324472,0.48151827221562166,0.963857351741836,3.4355210034570383,0.3342080749549648,0.1431467084773766,0.16381006817680585,0.3783473384039811,0.4047345650877941,0.9282977283056204
