Adjusted_R_squared,Area_Between_Curves,CDF_Distance,Functional_Correlation,ISE_Coefficients,MAE_Predictions,MSE_Coefficients,MSE_Predictions,RMSE_Coefficients,RMSE_Predictions,R_squared
0.9350047587284607,24.102198698293385,0.23460792401293573,0.9686811772493888,5.271030561380562,0.16068132465528914,0.21962627339085675,0.03916331431157738,0.46864301274088865,0.19789723169255646,0.9363052876494196
