Adjusted_R_squared,Area_Between_Curves,CDF_Distance,Functional_Correlation,ISE_Coefficients,MAE_Predictions,MSE_Coefficients,MSE_Predictions,RMSE_Coefficients,RMSE_Predictions,R_squared
0.9995868793408964,14.657140222050137,42.082734572799836,0.9997997725662113,0.014075516029263718,0.04187754349157181,0.0004691838676421239,0.0026138890626248566,0.021660652521152818,0.0511262071996824,0.9995892425901294
