Adjusted_R_squared,Area_Between_Curves,CDF_Distance,Functional_Correlation,ISE_Coefficients,MAE_Predictions,MSE_Coefficients,MSE_Predictions,RMSE_Coefficients,RMSE_Predictions,R_squared
0.9988677346804903,3.971408317407751,2.6205336449850076,0.9994453934853088,0.43972152109696083,0.0397140831740775,0.017588860843878434,0.002315417866042542,0.13262300269515254,0.04811878911654513,0.9988906082913727
