beta_1,beta_star_1,%_err_1,beta_2,beta_star_2,%_err_2,beta_3,beta_star_3,%_err_3,beta_4,beta_star_4,%_err_4,beta_5,beta_star_5,%_err_5
1.4714194858298517,1.4386527528212356,-2.23,1.7164815911823248,1.7003228171273745,-0.94,2.3253277985854837,2.356032853229971,1.32,3.3323161990763044,3.3280490791603685,-0.13,3.999734268444051,4.006881877940727,0.18
9.992007221626409e-16,0.03255763052095118,3.258367392938167e15,0.33221850613154547,0.33162524541232824,-0.18,0.9988851727982277,0.9967547972852944,-0.21,1.6655518394648752,1.625556499064126,-2.4,2.0000000000000018,2.003584627754175,0.18
0.0,0.0,0,0.0,0.0,0,0.0,0.0,0,0.0,0.0,0,0.0,0.0,0
