{
    "0": [
      {"IQR":0.5299833879678257,"RMSE_Coefficients":0.19042453965636924,"ISE_Coefficients":0.36261505303340136,"MSE_Predictions":9.902991552460238,"R_squared":0.6310508199776137,"Adjusted_R_squared":0.6302396042506524,"MSE_Coefficients":0.03626150530334014,"RMSE_Predictions":3.146901897495414}
,
      {"IQR":0.488244808489547,"RMSE_Coefficients":0.22053365729257235,"ISE_Coefficients":0.4863509399883775,"MSE_Predictions":10.04924421339232,"R_squared":0.6256019817107994,"Adjusted_R_squared":0.6247787855173266,"MSE_Coefficients":0.048635093998837746,"RMSE_Predictions":3.1700542918682513}
    ],
    "1": [
      {"IQR":0.5173780689025281,"RMSE_Coefficients":0.18579986826399414,"ISE_Coefficients":0.3452159104691757,"MSE_Predictions":9.898974834779942,"R_squared":0.6312004681608601,"Adjusted_R_squared":0.6303895814682654,"MSE_Coefficients":0.03452159104691757,"RMSE_Predictions":3.1462636308453145}

      ,
      {"IQR":0.488244808489547,"RMSE_Coefficients":0.22053365729257235,"ISE_Coefficients":0.4863509399883775,"MSE_Predictions":10.04924421339232,"R_squared":0.6256019817107994,"Adjusted_R_squared":0.6247787855173266,"MSE_Coefficients":0.048635093998837746,"RMSE_Predictions":3.1700542918682513}

    ],
    "10": [
      {"IQR":0.4176597815086689,"RMSE_Coefficients":0.1491347039462085,"ISE_Coefficients":0.2224115992112326,"MSE_Predictions":9.871276680698923,"R_squared":0.6322323998940333,"Adjusted_R_squared":0.6314237821297801,"MSE_Coefficients":0.02224115992112326,"RMSE_Predictions":3.141858793882838}

      ,
      {"IQR":0.488244808489547,"RMSE_Coefficients":0.22053365729257235,"ISE_Coefficients":0.4863509399883775,"MSE_Predictions":10.04924421339232,"R_squared":0.6256019817107994,"Adjusted_R_squared":0.6247787855173266,"MSE_Coefficients":0.048635093998837746,"RMSE_Predictions":3.1700542918682513}


    ],
    "50": [
      {"IQR":0.16213699082945637,"RMSE_Coefficients":0.05403388409996252,"ISE_Coefficients":0.029196606309281826,"MSE_Predictions":9.833675302754964,"R_squared":0.6336332894622647,"Adjusted_R_squared":0.6328277518611098,"MSE_Coefficients":0.0029196606309281827,"RMSE_Predictions":3.1358691463061663}

      ,
      {"IQR":0.488244808489547,"RMSE_Coefficients":0.22053365729257235,"ISE_Coefficients":0.4863509399883775,"MSE_Predictions":10.04924421339232,"R_squared":0.6256019817107994,"Adjusted_R_squared":0.6247787855173266,"MSE_Coefficients":0.048635093998837746,"RMSE_Predictions":3.1700542918682513}

    ],
    "70": [
      {"IQR":0.10826503498137015,"RMSE_Coefficients":0.03425558150195823,"ISE_Coefficients":0.011734448640373032,"MSE_Predictions":9.832835442108454,"R_squared":0.6336645795926489,"Adjusted_R_squared":0.6328591107897112,"MSE_Coefficients":0.0011734448640373031,"RMSE_Predictions":3.1357352315060742}

      ,
      {"IQR":0.488244808489547,"RMSE_Coefficients":0.22053365729257235,"ISE_Coefficients":0.4863509399883775,"MSE_Predictions":10.04924421339232,"R_squared":0.6256019817107994,"Adjusted_R_squared":0.6247787855173266,"MSE_Coefficients":0.048635093998837746,"RMSE_Predictions":3.1700542918682513}
    ],
    "80": [
      {"IQR":0.09769723250154592,"RMSE_Coefficients":0.03136072179597485,"ISE_Coefficients":0.009834948715645319,"MSE_Predictions":9.833770718912593,"R_squared":0.633629734605843,"Adjusted_R_squared":0.6328241891885562,"MSE_Coefficients":0.0009834948715645318,"RMSE_Predictions":3.1358843599394084}
      ,
      {"IQR":0.488244808489547,"RMSE_Coefficients":0.22053365729257235,"ISE_Coefficients":0.4863509399883775,"MSE_Predictions":10.04924421339232,"R_squared":0.6256019817107994,"Adjusted_R_squared":0.6247787855173266,"MSE_Coefficients":0.048635093998837746,"RMSE_Predictions":3.1700542918682513}
    ],
    "90": [
      {"IQR":0.09685157380415081,"RMSE_Coefficients":0.032609594179076384,"ISE_Coefficients":0.010633856325240523,"MSE_Predictions":9.835187254492405,"R_squared":0.6335769596804204,"Adjusted_R_squared":0.6327712982258802,"MSE_Coefficients":0.0010633856325240523,"RMSE_Predictions":3.1361102108332233}

      ,
      {"IQR":0.488244808489547,"RMSE_Coefficients":0.22053365729257235,"ISE_Coefficients":0.4863509399883775,"MSE_Predictions":10.04924421339232,"R_squared":0.6256019817107994,"Adjusted_R_squared":0.6247787855173266,"MSE_Coefficients":0.048635093998837746,"RMSE_Predictions":3.1700542918682513}

    ],
    "100": [
      {"IQR":0.10293479354844803,"RMSE_Coefficients":0.036450318393154435,"ISE_Coefficients":0.013286257109623325,"MSE_Predictions":9.836900729401847,"R_squared":0.633513121883581,"Adjusted_R_squared":0.6327073200676372,"MSE_Coefficients":0.0013286257109623326,"RMSE_Predictions":3.1363833836764674}

      ,
      {"IQR":0.488244808489547,"RMSE_Coefficients":0.22053365729257235,"ISE_Coefficients":0.4863509399883775,"MSE_Predictions":10.04924421339232,"R_squared":0.6256019817107994,"Adjusted_R_squared":0.6247787855173266,"MSE_Coefficients":0.048635093998837746,"RMSE_Predictions":3.1700542918682513}

    ],
    "150": [
      {"IQR":0.1608755407633404,"RMSE_Coefficients":0.062400224896609395,"ISE_Coefficients":0.038937880671474315,"MSE_Predictions":9.846783155363608,"R_squared":0.6331449389021142,"Adjusted_R_squared":0.6323383275550991,"MSE_Coefficients":0.0038937880671474313,"RMSE_Predictions":3.137958437481862}

      ,
      {"IQR":0.488244808489547,"RMSE_Coefficients":0.22053365729257235,"ISE_Coefficients":0.4863509399883775,"MSE_Predictions":10.04924421339232,"R_squared":0.6256019817107994,"Adjusted_R_squared":0.6247787855173266,"MSE_Coefficients":0.048635093998837746,"RMSE_Predictions":3.1700542918682513}

    ],
    "1000": [
      {"IQR":0.37852987193338716,"RMSE_Coefficients":0.161946876113055,"ISE_Coefficients":0.26226790682777185,"MSE_Predictions":9.937752597505035,"R_squared":0.6297557508060345,"Adjusted_R_squared":0.6289416875853358,"MSE_Coefficients":0.026226790682777185,"RMSE_Predictions":3.152420117545413}
      ,
      {"IQR":0.488244808489547,"RMSE_Coefficients":0.22053365729257235,"ISE_Coefficients":0.4863509399883775,"MSE_Predictions":10.04924421339232,"R_squared":0.6256019817107994,"Adjusted_R_squared":0.6247787855173266,"MSE_Coefficients":0.048635093998837746,"RMSE_Predictions":3.1700542918682513}

    ]
  }
  